Workbook

Sheet Summary
A1: BBR-TAS vs. BBR-v3 vs. Cubic — Wi-Fi 6 Results Summary (v3 testbed: dedicated USB3 server NIC)
A2: Collected on the revised testbed (server moved to a dedicated USB3 Gigabit Ethernet adapter and long cable, away from router-proximity RF interference present in earlier runs). All figures are the mean of 5 repeated Flent test runs per configuration (4 for Cubic's 8-stream test -- one run excluded, all 8 upload streams failed to connect; see Raw - TCP 8up sheet). Gain/Improvement % and p-values are computed live via Excel's TTEST function (Welch's unequal-variance t-test) directly against the raw per-run data. Green = statistically significant improvement (p<0.05). Gray italic = not statistically significant.
A4: TCP Upload (single flow) — Best Config: BBR-TAS = tas_s7_st10
A5: Congestion Control | B5: Config Tested | C5: Mean Throughput (Mbps) | D5: Mean Ping Latency (ms) | E5: Throughput Gain vs. Cubic | F5: p (thr. vs Cubic) | G5: Throughput Gain vs. BBR-v3 | H5: p (thr. vs BBRv3) | I5: Latency Improvement vs. Cubic | J5: p (lat. vs Cubic) | K5: Latency Improvement vs. BBR-v3 | L5: p (lat. vs BBRv3)
A6: Cubic | B6: cubic | C6: =AVERAGEIF('Raw - TCP Upload'!$A$2:$A$56,$B6,'Raw - TCP Upload'!$C$2:$C$56) -> 208.794 | D6: =AVERAGEIF('Raw - TCP Upload'!$A$2:$A$56,$B6,'Raw - TCP Upload'!$F$2:$F$56) -> 13.502 | E6: — | F6: — | G6: — | H6: — | I6: — | J6: — | K6: — | L6: —
A7: BBR-v3 | B7: bbrv3 | C7: =AVERAGEIF('Raw - TCP Upload'!$A$2:$A$56,$B7,'Raw - TCP Upload'!$C$2:$C$56) -> 211.242 | D7: =AVERAGEIF('Raw - TCP Upload'!$A$2:$A$56,$B7,'Raw - TCP Upload'!$F$2:$F$56) -> 13.2 | E7: — | F7: — | G7: — | H7: — | I7: — | J7: — | K7: — | L7: —
A8: BBR-TAS | B8: tas_s7_st10 | C8: =AVERAGEIF('Raw - TCP Upload'!$A$2:$A$56,$B8,'Raw - TCP Upload'!$C$2:$C$56) -> 212.51 | D8: =AVERAGEIF('Raw - TCP Upload'!$A$2:$A$56,$B8,'Raw - TCP Upload'!$F$2:$F$56) -> 12.02 | E8: =(C8-C6)/C6 -> 0.017797446 | F8: =TTEST('Raw - TCP Upload'!$C$12:$C$16,'Raw - TCP Upload'!$C$7:$C$11,2,3) -> 0.13066134 | G8: =(C8-C7)/C7 -> 0.0060025942 | H8: =TTEST('Raw - TCP Upload'!$C$12:$C$16,'Raw - TCP Upload'!$C$2:$C$6,2,3) -> 0.51272206 | I8: =(D6-D8)/D6 -> 0.10976152 | J8: =TTEST('Raw - TCP Upload'!$F$12:$F$16,'Raw - TCP Upload'!$F$7:$F$11,2,3) -> 0.014305312 | K8: =(D7-D8)/D7 -> 0.089393939 | L8: =TTEST('Raw - TCP Upload'!$F$12:$F$16,'Raw - TCP Upload'!$F$2:$F$6,2,3) -> 0.009249208
A9: BBR-TAS config = tas_s7_st10: highest mean single-flow throughput among 9 shift configs tested. Throughput gains are not significant, but latency improves significantly vs. BOTH baselines (+12.3% vs. Cubic, p=0.014; +9.8% vs. BBR-v3, p=0.009) -- the first dataset in this study where single-flow latency shows a statistically significant benefit.
A11: TCP Upload — 4 Streams — Best Config: BBR-TAS = tas_s7_st10
A12: Congestion Control | B12: Config Tested | C12: Mean Throughput (Mbps) | D12: Mean Ping Latency (ms) | E12: Throughput Gain vs. Cubic | F12: p (thr. vs Cubic) | G12: Throughput Gain vs. BBR-v3 | H12: p (thr. vs BBRv3) | I12: Latency Improvement vs. Cubic | J12: p (lat. vs Cubic) | K12: Latency Improvement vs. BBR-v3 | L12: p (lat. vs BBRv3)
A13: Cubic | B13: cubic | C13: =AVERAGEIF('Raw - TCP 4up'!$A$2:$A$56,$B13,'Raw - TCP 4up'!$C$2:$C$56) -> 257.09 | D13: =AVERAGEIF('Raw - TCP 4up'!$A$2:$A$56,$B13,'Raw - TCP 4up'!$E$2:$E$56) -> 21.412 | E13: — | F13: — | G13: — | H13: — | I13: — | J13: — | K13: — | L13: —
A14: BBR-v3 | B14: bbrv3 | C14: =AVERAGEIF('Raw - TCP 4up'!$A$2:$A$56,$B14,'Raw - TCP 4up'!$C$2:$C$56) -> 254.572 | D14: =AVERAGEIF('Raw - TCP 4up'!$A$2:$A$56,$B14,'Raw - TCP 4up'!$E$2:$E$56) -> 18.18 | E14: — | F14: — | G14: — | H14: — | I14: — | J14: — | K14: — | L14: —
A15: BBR-TAS | B15: tas_s7_st10 | C15: =AVERAGEIF('Raw - TCP 4up'!$A$2:$A$56,$B15,'Raw - TCP 4up'!$C$2:$C$56) -> 257.784 | D15: =AVERAGEIF('Raw - TCP 4up'!$A$2:$A$56,$B15,'Raw - TCP 4up'!$E$2:$E$56) -> 16.94 | E15: =(C15-C13)/C13 -> 0.0026994438 | F15: =TTEST('Raw - TCP 4up'!$C$12:$C$16,'Raw - TCP 4up'!$C$7:$C$11,2,3) -> 0.59590659 | G15: =(C15-C14)/C14 -> 0.012617256 | H15: =TTEST('Raw - TCP 4up'!$C$12:$C$16,'Raw - TCP 4up'!$C$2:$C$6,2,3) -> 0.047408559 | I15: =(D13-D15)/D13 -> 0.20885485 | J15: =TTEST('Raw - TCP 4up'!$E$12:$E$16,'Raw - TCP 4up'!$E$7:$E$11,2,3) -> 0.18890554 | K15: =(D14-D15)/D14 -> 0.068206821 | L15: =TTEST('Raw - TCP 4up'!$E$12:$E$16,'Raw - TCP 4up'!$E$2:$E$6,2,3) -> 0.21804544
A16: BBR-TAS config = tas_s7_st10: highest mean aggregate throughput among 9 shift configs tested. Throughput gain vs. BBR-v3 is significant (+1.3%, p=0.047); vs. Cubic and both latency comparisons are not significant.
A18: TCP Upload — 8 Streams — Best Config: BBR-TAS = tas_s7_st8
A19: Congestion Control | B19: Config Tested | C19: Mean Throughput (Mbps) | D19: Mean Ping Latency (ms) | E19: Throughput Gain vs. Cubic | F19: p (thr. vs Cubic) | G19: Throughput Gain vs. BBR-v3 | H19: p (thr. vs BBRv3) | I19: Latency Improvement vs. Cubic | J19: p (lat. vs Cubic) | K19: Latency Improvement vs. BBR-v3 | L19: p (lat. vs BBRv3)
A20: Cubic | B20: cubic | C20: =AVERAGEIF('Raw - TCP 8up'!$A$2:$A$55,$B20,'Raw - TCP 8up'!$C$2:$C$55) -> 259.9725 | D20: =AVERAGEIF('Raw - TCP 8up'!$A$2:$A$55,$B20,'Raw - TCP 8up'!$E$2:$E$55) -> 26.175 | E20: — | F20: — | G20: — | H20: — | I20: — | J20: — | K20: — | L20: —
A21: BBR-v3 | B21: bbrv3 | C21: =AVERAGEIF('Raw - TCP 8up'!$A$2:$A$55,$B21,'Raw - TCP 8up'!$C$2:$C$55) -> 259.806 | D21: =AVERAGEIF('Raw - TCP 8up'!$A$2:$A$55,$B21,'Raw - TCP 8up'!$E$2:$E$55) -> 24.2 | E21: — | F21: — | G21: — | H21: — | I21: — | J21: — | K21: — | L21: —
A22: BBR-TAS | B22: tas_s7_st8 | C22: =AVERAGEIF('Raw - TCP 8up'!$A$2:$A$55,$B22,'Raw - TCP 8up'!$C$2:$C$55) -> 267.138 | D22: =AVERAGEIF('Raw - TCP 8up'!$A$2:$A$55,$B22,'Raw - TCP 8up'!$E$2:$E$55) -> 21.62 | E22: =(C22-C20)/C20 -> 0.027562531 | F22: =TTEST('Raw - TCP 8up'!$C$16:$C$20,'Raw - TCP 8up'!$C$7:$C$10,2,3) -> 0.0031230518 | G22: =(C22-C21)/C21 -> 0.028221057 | H22: =TTEST('Raw - TCP 8up'!$C$16:$C$20,'Raw - TCP 8up'!$C$2:$C$6,2,3) -> 0.011218088 | I22: =(D20-D22)/D20 -> 0.17402101 | J22: =TTEST('Raw - TCP 8up'!$E$16:$E$20,'Raw - TCP 8up'!$E$7:$E$10,2,3) -> 0.010186835 | K22: =(D21-D22)/D21 -> 0.10661157 | L22: =TTEST('Raw - TCP 8up'!$E$16:$E$20,'Raw - TCP 8up'!$E$2:$E$6,2,3) -> 0.014009755
A23: BBR-TAS config = tas_s7_st8: highest mean aggregate throughput among 9 shift configs tested. Clean sweep -- BOTH throughput AND latency improve significantly vs. BOTH baselines: throughput +2.8% vs. Cubic (p=0.003) and +2.8% vs. BBR-v3 (p=0.011); latency improves +21.1% vs. Cubic (p=0.010) and +11.9% vs. BBR-v3 (p=0.014). Cubic's 8-stream test used n=4 (one run's 8 upload streams failed to connect; see Raw - TCP 8up sheet).
A25: RRUL (4 up + 4 down + ICMP/UDP) — Best Config: BBR-TAS = tas_s8_st8
A26: Congestion Control | B26: Config Tested | C26: Mean Throughput (Mbps) | D26: Mean Ping Latency (ms) | E26: Throughput Gain vs. BBR-v3 | F26: p (thr. vs BBRv3) | G26: Latency Improvement vs. Cubic | H26: p (lat. vs Cubic) | I26: Latency Improvement vs. BBR-v3 | J26: p (lat. vs BBRv3)
A27: Cubic | B27: cubic | C27: =AVERAGEIF('Raw - RRUL'!$A$2:$A$56,$B27,'Raw - RRUL'!$C$2:$C$56) -> 336.066 | D27: =AVERAGEIF('Raw - RRUL'!$A$2:$A$56,$B27,'Raw - RRUL'!$F$2:$F$56) -> 218.8 | E27: — | F27: — | G27: — | H27: — | I27: — | J27: —
A28: BBR-v3 | B28: bbrv3 | C28: =AVERAGEIF('Raw - RRUL'!$A$2:$A$56,$B28,'Raw - RRUL'!$C$2:$C$56) -> 274.03 | D28: =AVERAGEIF('Raw - RRUL'!$A$2:$A$56,$B28,'Raw - RRUL'!$F$2:$F$56) -> 104.02 | E28: — | F28: — | G28: — | H28: — | I28: — | J28: —
A29: BBR-TAS | B29: tas_s8_st8 | C29: =AVERAGEIF('Raw - RRUL'!$A$2:$A$56,$B29,'Raw - RRUL'!$C$2:$C$56) -> 309.53 | D29: =AVERAGEIF('Raw - RRUL'!$A$2:$A$56,$B29,'Raw - RRUL'!$F$2:$F$56) -> 88.76 | E29: =(C29-C28)/C28 -> 0.12954786 | F29: =TTEST('Raw - RRUL'!$C$32:$C$36,'Raw - RRUL'!$C$2:$C$6,2,3) -> 0.011401106 | G29: =(D27-D29)/D27 -> 0.59433272 | H29: =TTEST('Raw - RRUL'!$F$32:$F$36,'Raw - RRUL'!$F$7:$F$11,2,3) -> 0.000827015 | I29: =(D28-D29)/D28 -> 0.14670256 | J29: =TTEST('Raw - RRUL'!$F$32:$F$36,'Raw - RRUL'!$F$2:$F$6,2,3) -> 0.02203893
A30: BBR-TAS config = tas_s8_st8: highest RRUL mean throughput among 9 shift configs tested. Strongest result in this study: throughput +13.0% vs. BBR-v3 (p=0.011) AND latency improves +17.2% vs. BBR-v3 (p=0.022) -- a genuine double win, both significant. Latency improvement vs. Cubic is very large and highly significant (+146.5%, p=0.0008). No throughput-gain-vs-Cubic column shown: Cubic's raw RRUL throughput remains higher (336.1 Mbps mean) but at more than double BBR-TAS's latency and far higher run-to-run variance (see Raw Data).

Sheet Raw - TCP Upload
A1: Config | B1: Run | C1: Upload Avg (Mbps) | D1: Upload Median (Mbps) | E1: Upload 99th (Mbps) | F1: Ping Avg (ms) | G1: Ping Median (ms) | H1: Ping 99th (ms)
A2: bbrv3 | B2: 1 | C2: 205.85 | D2: 204.46 | E2: 272.01 | F2: 14.1 | G2: 11.35 | H2: 62.79
A3: bbrv3 | B3: 2 | C3: 212.95 | D3: 210.9 | E3: 280.19 | F3: 12.7 | G3: 11.05 | H3: 35.61
A4: bbrv3 | B4: 3 | C4: 210.32 | D4: 208.76 | E4: 266.95 | F4: 12.6 | G4: 11.2 | H4: 37.27
A5: bbrv3 | B5: 4 | C5: 213.32 | D5: 207.93 | E5: 275.88 | F5: 13.5 | G5: 10.35 | H5: 56.98
A6: bbrv3 | B6: 5 | C6: 213.77 | D6: 210.41 | E6: 281.7 | F6: 13.1 | G6: 11.1 | H6: 41.62
A7: cubic | B7: 1 | C7: 204.79 | D7: 205.39 | E7: 268.39 | F7: 14.91 | G7: 9.7 | H7: 84.17
A8: cubic | B8: 2 | C8: 206.28 | D8: 204.88 | E8: 269.65 | F8: 13.4 | G8: 11 | H8: 58.41
A9: cubic | B9: 3 | C9: 211.49 | D9: 209.9 | E9: 275.41 | F9: 12.8 | G9: 9.92 | H9: 75.09
A10: cubic | B10: 4 | C10: 206.76 | D10: 203.43 | E10: 267.75 | F10: 12.9 | G10: 10.35 | H10: 44.93
A11: cubic | B11: 5 | C11: 214.65 | D11: 211.81 | E11: 289.7 | F11: 13.5 | G11: 10.65 | H11: 59.59
A12: tas_s7_st10 | B12: 1 | C12: 214.16 | D12: 211.63 | E12: 286.4 | F12: 11.9 | G12: 10.3 | H12: 36.71
A13: tas_s7_st10 | B13: 2 | C13: 208.35 | D13: 207.11 | E13: 279.38 | F13: 11.8 | G13: 10.4 | H13: 33.36
... A56: tas_s9_st9 | B56: 5 | C56: 209.59 | D56: 207.05 | E56: 273.53 | F56: 13.8 | G56: 11.25 | H56: 57.45

Sheet Raw - TCP 4up
A1: Config | B1: Run | C1: Upload Sum (Mbps) | D1: Upload Avg/Stream (Mbps) | E1: Ping Avg (ms) | F1: Ping Median (ms) | G1: Ping 99th (ms)
A2: bbrv3 | B2: 1 | C2: 251.31 | D2: 62.83 | E2: 16.9 | F2: 15.7 | G2: 48.49
A3: bbrv3 | B3: 2 | C3: 256.84 | D3: 64.21 | E3: 21.4 | F3: 17.4 | G3: 101.65
A4: bbrv3 | B4: 3 | C4: 252.72 | D4: 63.18 | E4: 17.1 | F4: 16.25 | G4: 40.45
A5: bbrv3 | B5: 4 | C5: 256.81 | D5: 64.2 | E5: 18.4 | F5: 16.45 | G5: 53.63
A6: bbrv3 | B6: 5 | C6: 255.18 | D6: 63.8 | E6: 17.1 | F6: 16.3 | G6: 42.53
A7: cubic | B7: 1 | C7: 257.28 | D7: 64.47 | E7: 17.06 | F7: 16.05 | G7: 37.72
A8: cubic | B8: 2 | C8: 258.18 | D8: 64.55 | E8: 20.8 | F8: 16.65 | G8: 109.65
A9: cubic | B9: 3 | C9: 253.17 | D9: 63.29 | E9: 20.4 | F9: 17.6 | G9: 55.52
A10: cubic | B10: 4 | C10: 258.26 | D10: 64.56 | E10: 16.6 | F10: 15.75 | G10: 39.3
A11: cubic | B11: 5 | C11: 258.56 | D11: 64.64 | E11: 32.2 | F11: 18.35 | G11: 139
A12: tas_s7_st10 | B12: 1 | C12: 256.57 | D12: 64.14 | E12: 16.7 | F12: 15.9 | G12: 34.67
A13: tas_s7_st10 | B13: 2 | C13: 256.6 | D13: 64.15 | E13: 17 | F13: 16.55 | G13: 40.71
... A56: tas_s9_st9 | B56: 5 | C56: 256.74 | D56: 64.19 | E56: 24.9 | F56: 17.1 | G56: 143.55

Sheet Raw - TCP 8up
A1: Config | B1: Run | C1: Upload Sum (Mbps) | D1: Upload Avg/Stream (Mbps) | E1: Ping Avg (ms) | F1: Ping Median (ms) | G1: Ping 99th (ms) | I1: Note: cubic run1 excluded (8 upload streams failed to connect - 'No data.' in raw summary; ICMP-only zombie run).
A2: bbrv3 | B2: 1 | C2: 257.45 | D2: 32.18 | E2: 25.3 | F2: 24.2 | G2: 71.45
A3: bbrv3 | B3: 2 | C3: 257.46 | D3: 32.18 | E3: 23.4 | F3: 23.4 | G3: 48.7
A4: bbrv3 | B4: 3 | C4: 259.14 | D4: 32.39 | E4: 25 | F4: 24 | G4: 64.67
A5: bbrv3 | B5: 4 | C5: 258.25 | D5: 32.28 | E5: 25.2 | F5: 23.5 | G5: 81.02
A6: bbrv3 | B6: 5 | C6: 266.73 | D6: 33.34 | E6: 22.1 | F6: 22 | G6: 45.51
A7: cubic | B7: 2 | C7: 258.65 | D7: 32.33 | E7: 25.9 | F7: 24.4 | G7: 62.59
A8: cubic | B8: 3 | C8: 259.97 | D8: 32.5 | E8: 28.5 | F8: 24.4 | G8: 112.06
A9: cubic | B9: 4 | C9: 260.05 | D9: 32.51 | E9: 25.4 | F9: 24.2 | G9: 57.6
A10: cubic | B10: 5 | C10: 261.22 | D10: 32.65 | E10: 24.9 | F10: 24.1 | G10: 55.11
A11: tas_s7_st10 | B11: 1 | C11: 265.04 | D11: 33.13 | E11: 21.9 | F11: 22.55 | G11: 40.96
A12: tas_s7_st10 | B12: 2 | C12: 269.39 | D12: 33.67 | E12: 21.5 | F12: 22.2 | G12: 39.31
A13: tas_s7_st10 | B13: 3 | C13: 265.25 | D13: 33.16 | E13: 21.7 | F13: 22.2 | G13: 47.51
... A55: tas_s9_st9 | B55: 5 | C55: 259.79 | D55: 32.47 | E55: 23.7 | F55: 23.25 | G55: 51.47

Sheet Raw - RRUL
A1: Config | B1: Run | C1: Totals (Mbps) | D1: Download Sum (Mbps) | E1: Upload Sum (Mbps) | F1: Ping ICMP Avg (ms) | G1: Ping ICMP Median (ms) | H1: Ping ICMP 99th (ms)
A2: bbrv3 | B2: 1 | C2: 252.7 | D2: 10.63 | E2: 242.07 | F2: 119 | G2: 137.5 | H2: 236.04
A3: bbrv3 | B3: 2 | C3: 272.51 | D3: 59.02 | E3: 213.49 | F3: 101 | G3: 114.5 | H3: 199.04
A4: bbrv3 | B4: 3 | C4: 269.09 | D4: 59.16 | E4: 209.93 | F4: 93.1 | G4: 106 | H4: 186.53
A5: bbrv3 | B5: 4 | C5: 281.36 | D5: 40.31 | E5: 241.05 | F5: 107 | G5: 123 | H5: 215.12
A6: bbrv3 | B6: 5 | C6: 294.49 | D6: 31.15 | E6: 263.34 | F6: 100 | G6: 114.5 | H6: 188.04
A7: cubic | B7: 1 | C7: 333.83 | D7: 163.68 | E7: 170.15 | F7: 247 | G7: 279.5 | H7: 460.51
A8: cubic | B8: 2 | C8: 323.68 | D8: 168.03 | E8: 155.65 | F8: 206 | G8: 216.5 | H8: 470.06
A9: cubic | B9: 3 | C9: 346.97 | D9: 214.71 | E9: 132.26 | F9: 262 | G9: 299 | H9: 464
A10: cubic | B10: 4 | C10: 329.89 | D10: 155.85 | E10: 174.04 | F10: 197 | G10: 215 | H10: 322.53
A11: cubic | B11: 5 | C11: 345.96 | D11: 183.79 | E11: 162.17 | F11: 182 | G11: 204 | H11: 330.1
A12: tas_s7_st10 | B12: 1 | C12: 289.1 | D12: 31.29 | E12: 257.81 | F12: 90.9 | G12: 111 | H12: 172
A13: tas_s7_st10 | B13: 2 | C13: 304.06 | D13: 49.41 | E13: 254.65 | F13: 93.7 | G13: 111.5 | H13: 166.02
... A56: tas_s9_st9 | B56: 5 | C56: 282.89 | D56: 48.65 | E56: 234.24 | F56: 97.8 | G56: 103 | H56: 190
