Workbook

Sheet README_Notes
A1: Source & method
A2: Built directly from the 3 uploaded .flent files:
A3: cubic_rrul_run1_flent.gz -> TITLE metadata: 'cubic rrul run 1'
A4: bbrv3_rrul_run2_flent.gz -> TITLE metadata: 'bbrv3 rrul run 2'
A5: tas_rrul_run2_flent.gz -> TITLE metadata: 'tas_s8_st8 rrul run 2'
A7: Each 'total' value = sum of the 4 RRUL stream classes (BE+BK+CS5+EF) at each 0.2s
A8: timestep, restricted to the 300 samples where all 4 streams were simultaneously
A9: active (the flow-ramp period at the start of the run is excluded, matching the
A10: original manuscript table's Count=300).
A11: Cross-checked two independent ways (summing the 4 raw stream series, and
A12: multiplying Flent's own 'TCP upload/download avg' series by 4) -- both match
A13: exactly, so the extraction itself is not in question.
... A35: swap in different/additional raw columns the ANOVA recalculates automatically.

Sheet Anova-Upload-Paper10
A1: Anova: Single Factor
A3: SUMMARY
A4: Groups | B4: Count | C4: Sum | D4: Average | E4: Variance
A5: Cubic | B5: 300 | C5: 51762.467 | D5: 172.54156 | E5: 696.97287
A6: BBR-v3 | B6: 300 | C6: 64920.926 | D6: 216.40309 | E6: 1368.3024
A7: BBR-TAS | B7: 300 | C7: 70741.623 | D7: 235.80541 | E7: 1739.5467
A9: ANOVA
A11: Source of Variation | B11: SS | C11: df | D11: MS | E11: F | F11: P-value | G11: F crit
A12: Between Groups | B12: 630259.92 | C12: 2 | D12: 315129.96 | E12: 248.47151 | F12: 1.359934e-86 | G12: 3.0057595
A13: Within Groups | B13: 1137641.8 | C13: 897 | D13: 1268.274
A14: Total | B14: 1767901.7 | C14: 899

Sheet Upload_RawData
A1: Raw per-sample total upload throughput (Mbit/s), reconstructed from the 3 uploaded .flent files
A2: Each value = sum of the 4 RRUL stream classes (BE+BK+CS5+EF) at that 0.2s sample instant, over the flow-active portion of the 60s run (300 samples).
A4: Sample # | B4: Cubic | C4: BBR-v3 | D4: BBR-TAS
A5: 1 | B5: 280.07217 | C5: 364.33104 | D5: 372.44932
A6: 2 | B6: 201.32305 | C6: 252.16421 | D6: 191.37716
A7: 3 | B7: 250.88356 | C7: 277.10272 | D7: 178.92953
A8: 4 | B8: 208.20885 | C8: 254.50817 | D8: 193.16975
A9: 5 | B9: 209.17348 | C9: 229.59936 | D9: 225.42867
A10: 6 | B10: 193.51066 | C10: 229.23615 | D10: 249.93156
A11: 7 | B11: 190.3676 | C11: 211.7425 | D11: 252.16404
A12: 8 | B12: 190.78424 | C12: 220.69689 | D12: 247.67111
A13: 9 | B13: 194.87107 | C13: 245.38114 | D13: 262.11566
A14: 10 | B14: 194.59442 | C14: 217.92627 | D14: 261.29673
A15: 11 | B15: 184.47371 | C15: 218.68966 | D15: 244.45386
A16: 12 | B16: 171.35194 | C16: 201.95731 | D16: 267.24541
... A304: 300 | B304: 206.81 | C304: 293.5 | D304: 306.51

Sheet Upload_ANOVA
A1: ANOVA: Single Factor — Upload ANOVA
A3: SUMMARY
A4: Groups | B4: Count | C4: Sum | D4: Average | E4: Variance
A5: Cubic | B5: =COUNT(Upload_RawData!B5:B304) -> 300 | C5: =SUM(Upload_RawData!B5:B304) -> 51762.467 | D5: =AVERAGE(Upload_RawData!B5:B304) -> 172.54156 | E5: =_xlfn.VAR.S(Upload_RawData!B5:B304) -> 696.97287
A6: BBR-v3 | B6: =COUNT(Upload_RawData!C5:C304) -> 300 | C6: =SUM(Upload_RawData!C5:C304) -> 64920.926 | D6: =AVERAGE(Upload_RawData!C5:C304) -> 216.40309 | E6: =_xlfn.VAR.S(Upload_RawData!C5:C304) -> 1368.3024
A7: BBR-TAS | B7: =COUNT(Upload_RawData!D5:D304) -> 300 | C7: =SUM(Upload_RawData!D5:D304) -> 70741.623 | D7: =AVERAGE(Upload_RawData!D5:D304) -> 235.80541 | E7: =_xlfn.VAR.S(Upload_RawData!D5:D304) -> 1739.5467
A9: ANOVA
A10: Source of Variation | B10: SS | C10: df | D10: MS | E10: F | F10: P-value | G10: F crit
A11: Between Groups | B11: =B5*(D5-((C5+C6+C7)/(B5+B6+B7)))^2+B6*(D6-((C5+C6+C7)/(B5+B6+B7)))^2+B7*(D7-((C5+C6+C7)/(B5+B6+B7)))^2 -> 630259.92 | C11: 2 | D11: =B11/C11 -> 315129.96 | E11: =D11/D12 -> 248.47151 | F11: =_xlfn.F.DIST.RT(E11,C11,C12) -> 1.359934e-86 | G11: =_xlfn.F.INV.RT(0.05,C11,C12) -> 3.0057595
A12: Within Groups | B12: =(B5-1)*E5+(B6-1)*E6+(B7-1)*E7 -> 1137641.8 | C12: =(B5+B6+B7)-3 -> 897 | D12: =B12/C12 -> 1268.274
A13: Total | B13: =B11+B12 -> 1767901.7 | C13: =(B5+B6+B7)-1 -> 899

Sheet Anova-dwl-ppr10
A1: Anova: Single Factor
A3: SUMMARY
A4: Groups | B4: Count | C4: Sum | D4: Average | E4: Variance
A5: Cubic | B5: 300 | C5: 49147.454 | D5: 163.82485 | E5: 1514.0648
A6: BBR-v3 | B6: 300 | C6: 17778.345 | D6: 59.261151 | E6: 2052.8758
A7: BBR-TAS | B7: 300 | C7: 23964.145 | D7: 79.880482 | E7: 2769.5558
A9: ANOVA
A11: Source of Variation | B11: SS | C11: df | D11: MS | E11: F | F11: P-value | G11: F crit
A12: Between Groups | B12: 1840537.9 | C12: 2 | D12: 920268.95 | E12: 435.69926 | F12: 6.1336025e-133 | G12: 3.0057595
A13: Within Groups | B13: 1894612.4 | C13: 897 | D13: 2112.1655
A15: Total | B15: 3735150.3 | C15: 899

Sheet Download_RawData
A1: Raw per-sample total download throughput (Mbit/s), reconstructed from the 3 uploaded .flent files
A2: Each value = sum of the 4 RRUL stream classes (BE+BK+CS5+EF) at that 0.2s sample instant, over the flow-active portion of the 60s run (300 samples).
A4: Sample # | B4: Cubic | C4: BBR-v3 | D4: BBR-TAS
A5: 1 | B5: 95.21799 | C5: 67.66231 | D5: 116.64105
A6: 2 | B6: 192.59467 | C6: 106.88371 | D6: 173.75859
A7: 3 | B7: 150.00621 | C7: 80.47669 | D7: 183.4981
A8: 4 | B8: 134.52932 | C8: 51.16907 | D8: 136.99969
A9: 5 | B9: 148.12345 | C9: 44.28572 | D9: 124.56523
A10: 6 | B10: 133.61704 | C10: 46.14612 | D10: 70.76351
A11: 7 | B11: 132.42764 | C11: 40.67488 | D11: 57.70012
A12: 8 | B12: 135.88834 | C12: 46.20806 | D12: 56.06541
A13: 9 | B13: 144.57144 | C13: 44.1095 | D13: 58.74175
A14: 10 | B14: 159.29934 | C14: 44.01248 | D14: 76.91712
A15: 11 | B15: 156.57862 | C15: 42.21233 | D15: 82.75776
A16: 12 | B16: 152.04288 | C16: 38.18145 | D16: 91.80977
... A304: 300 | B304: 88.41848 | C304: 34.48 | D304: 164.11132

Sheet Download_ANOVA
A1: ANOVA: Single Factor — Download ANOVA
A3: SUMMARY
A4: Groups | B4: Count | C4: Sum | D4: Average | E4: Variance
A5: Cubic | B5: =COUNT(Download_RawData!B5:B304) -> 300 | C5: =SUM(Download_RawData!B5:B304) -> 49147.454 | D5: =AVERAGE(Download_RawData!B5:B304) -> 163.82485 | E5: =_xlfn.VAR.S(Download_RawData!B5:B304) -> 1514.0648
A6: BBR-v3 | B6: =COUNT(Download_RawData!C5:C304) -> 300 | C6: =SUM(Download_RawData!C5:C304) -> 17778.345 | D6: =AVERAGE(Download_RawData!C5:C304) -> 59.261151 | E6: =_xlfn.VAR.S(Download_RawData!C5:C304) -> 2052.8758
A7: BBR-TAS | B7: =COUNT(Download_RawData!D5:D304) -> 300 | C7: =SUM(Download_RawData!D5:D304) -> 23964.145 | D7: =AVERAGE(Download_RawData!D5:D304) -> 79.880482 | E7: =_xlfn.VAR.S(Download_RawData!D5:D304) -> 2769.5558
A9: ANOVA
A10: Source of Variation | B10: SS | C10: df | D10: MS | E10: F | F10: P-value | G10: F crit
A11: Between Groups | B11: =B5*(D5-((C5+C6+C7)/(B5+B6+B7)))^2+B6*(D6-((C5+C6+C7)/(B5+B6+B7)))^2+B7*(D7-((C5+C6+C7)/(B5+B6+B7)))^2 -> 1840537.9 | C11: 2 | D11: =B11/C11 -> 920268.95 | E11: =D11/D12 -> 435.69926 | F11: =_xlfn.F.DIST.RT(E11,C11,C12) -> 6.1336025e-133 | G11: =_xlfn.F.INV.RT(0.05,C11,C12) -> 3.0057595
A12: Within Groups | B12: =(B5-1)*E5+(B6-1)*E6+(B7-1)*E7 -> 1894612.4 | C12: =(B5+B6+B7)-3 -> 897 | D12: =B12/C12 -> 2112.1655
A13: Total | B13: =B11+B12 -> 3735150.3 | C13: =(B5+B6+B7)-1 -> 899
