Workbook

Sheet Raw Data
A1: Sample Index | B1: Cubic - TCP Upload Sum (Mbps) | C1: BBR-v3 - TCP Upload Sum (Mbps) | D1: BBR-TAS (tas_s7_st8) - TCP Upload Sum (Mbps)
A2: 1 | B2: 319.68 | C2: 317.24 | D2: 357.79
A3: 2 | B3: 302.5665 | C3: 415.28511 | D3: 443.36149
A4: 3 | B4: 250.73373 | C4: 262.53515 | D4: 258.8656
A5: 4 | B5: 250.99685 | C5: 248.88644 | D5: 242.02766
A6: 5 | B6: 266.84575 | C6: 254.9635 | D6: 233.04488
A7: 6 | B7: 246.75862 | C7: 258.53462 | D7: 214.88576
A8: 7 | B8: 234.12872 | C8: 253.88446 | D8: 211.83599
A9: 8 | B9: 235.00159 | C9: 257.28824 | D9: 223.3084
A10: 9 | B10: 247.48963 | C10: 254.13018 | D10: 247.29527
A11: 10 | B11: 265.13911 | C11: 257.31412 | D11: 256.27305
A12: 11 | B12: 262.46086 | C12: 259.418 | D12: 258.61835
A13: 12 | B13: 267.38563 | C13: 261.60145 | D13: 260.71338
... A302: 301 | B302: 304.92 | C302: 354.91 | D302: 421.98

Sheet ANOVA Single Factor
A1: BBR-TAS vs. BBR-v3 vs. Cubic — Single-Factor ANOVA on TCP Upload Sum (TCP upload - 8 streams w/ping)
A2: Source data: single representative run per configuration (cubic tcp_8up run 4, bbrv3 tcp_8up run 3, tas_s7_st8 tcp_8up run 5 -- the same three files used in the corresponding box-plot figure). All Summary and ANOVA values below are live formulas referencing the 'Raw Data' sheet.
A3: IMPORTANT: each group here is ~300 sequential 0.2s samples from a SINGLE 60s test run, not independent repeated trials. These samples are autocorrelated (pseudo-replication), which inflates the effective sample size and understates the true p-value below relative to what a test using independent repeated runs (n=5 per config) would show. Treat this ANOVA as an illustrative/descriptive statistic for this specific figure, not as the paper's primary significance claim -- the validated significance tests (Welch's t-test, n=5 independent runs per config) are reported in the main Results workbook.
A5: SUMMARY
A6: Groups | B6: Count | C6: Sum | D6: Average | E6: Variance
A7: Cubic - TCP Upload Sum (Mbps) | B7: =COUNT('Raw Data'!$B$2:$B$302) -> 301 | C7: =SUM('Raw Data'!$B$2:$B$302) -> 78524.979 | D7: =AVERAGE('Raw Data'!$B$2:$B$302) -> 260.88033 | E7: =VAR('Raw Data'!$B$2:$B$302) -> 195.87442
A8: BBR-v3 - TCP Upload Sum (Mbps) | B8: =COUNT('Raw Data'!$C$2:$C$302) -> 301 | C8: =SUM('Raw Data'!$C$2:$C$302) -> 78657.205 | D8: =AVERAGE('Raw Data'!$C$2:$C$302) -> 261.31962 | E8: =VAR('Raw Data'!$C$2:$C$302) -> 246.57094
A9: BBR-TAS (tas_s7_st8) - TCP Upload Sum (Mbps) | B9: =COUNT('Raw Data'!$D$2:$D$302) -> 301 | C9: =SUM('Raw Data'!$D$2:$D$302) -> 80622.133 | D9: =AVERAGE('Raw Data'!$D$2:$D$302) -> 267.84762 | E9: =VAR('Raw Data'!$D$2:$D$302) -> 342.84418
A11: ANOVA
A12: Source of Variation | B12: SS | C12: df | D12: MS | E12: F | F12: P-value | G12: F crit
A13: Between Groups | B13: =B7*(D7-((C7+C8+C9)/(B7+B8+B9)))^2+B8*(D8-((C7+C8+C9)/(B7+B8+B9)))^2+B9*(D9-((C7+C8+C9)/(B7+B8+B9)))^2 -> 9165.5378 | C13: =2 -> 2 | D13: =B13/C13 -> 4582.7689 | E13: =D13/D14 -> 17.507309 | F13: =FDIST(E13,C13,C14) -> 3.4741525e-08 | G13: =FINV(0.05,C13,C14) -> 3.005726
A14: Within Groups | B14: =(B7-1)*E7+(B8-1)*E8+(B9-1)*E9 -> 235586.86 | C14: =B7+B8+B9-3 -> 900 | D14: =B14/C14 -> 261.76318
A15: Total | B15: =B13+B14 -> 244752.4 | C15: =C13+C14 -> 902
A17: Interpretation: F > F crit and P-value < 0.05 indicates the three groups' means differ by more than chance would predict, given the (autocorrelation-inflated) sample size noted above. This does not by itself indicate which pair(s) differ -- a post-hoc test (e.g., Tukey HSD) would be needed to localize the difference to a specific comparison.
